<?xml version="1.0" encoding="UTF-8"?>
<GenRun Id="synth_1" LaunchPart="xc7s50csga324-1" LaunchTime="1567011369">
  <File Type="PA-TCL" Name="Mikro_Bus_2019_2clicks_wrapper.tcl"/>
  <File Type="RDS-PROPCONSTRS" Name="Mikro_Bus_2019_2clicks_wrapper_drc_synth.rpt"/>
  <File Type="REPORTS-TCL" Name="Mikro_Bus_2019_2clicks_wrapper_reports.tcl"/>
  <File Type="RDS-RDS" Name="Mikro_Bus_2019_2clicks_wrapper.vds"/>
  <File Type="RDS-UTIL" Name="Mikro_Bus_2019_2clicks_wrapper_utilization_synth.rpt"/>
  <File Type="RDS-UTIL-PB" Name="Mikro_Bus_2019_2clicks_wrapper_utilization_synth.pb"/>
  <File Type="RDS-DCP" Name="Mikro_Bus_2019_2clicks_wrapper.dcp"/>
  <File Type="VDS-TIMINGSUMMARY" Name="Mikro_Bus_2019_2clicks_wrapper_timing_summary_synth.rpt"/>
  <File Type="VDS-TIMING-PB" Name="Mikro_Bus_2019_2clicks_wrapper_timing_summary_synth.pb"/>
  <FileSet Name="sources" Type="DesignSrcs" RelSrcDir="$PSRCDIR/sources_1">
    <Filter Type="Srcs"/>
    <File Path="$PSRCDIR/sources_1/bd/Mikro_Bus_2019_2clicks/Mikro_Bus_2019_2clicks.bd">
      <FileInfo>
        <Attr Name="UsedIn" Val="synthesis"/>
        <Attr Name="UsedIn" Val="implementation"/>
        <Attr Name="UsedIn" Val="simulation"/>
      </FileInfo>
    </File>
    <File Path="$PSRCDIR/sources_1/bd/Mikro_Bus_2019_2clicks/hdl/Mikro_Bus_2019_2clicks_wrapper.v">
      <FileInfo>
        <Attr Name="UsedIn" Val="synthesis"/>
        <Attr Name="UsedIn" Val="implementation"/>
        <Attr Name="UsedIn" Val="simulation"/>
      </FileInfo>
    </File>
    <Config>
      <Option Name="DesignMode" Val="RTL"/>
      <Option Name="TopModule" Val="Mikro_Bus_2019_2clicks_wrapper"/>
      <Option Name="TopAutoSet" Val="TRUE"/>
    </Config>
  </FileSet>
  <FileSet Name="constrs_in" Type="Constrs" RelSrcDir="$PSRCDIR/constrs_1">
    <Filter Type="Constrs"/>
    <File Path="$PSRCDIR/constrs_1/new/MikroBus_2Clicks_2019.xdc">
      <FileInfo>
        <Attr Name="UsedIn" Val="synthesis"/>
        <Attr Name="UsedIn" Val="implementation"/>
      </FileInfo>
    </File>
    <Config>
      <Option Name="TargetConstrsFile" Val="$PSRCDIR/constrs_1/new/MikroBus_2Clicks_2019.xdc"/>
      <Option Name="ConstrsType" Val="XDC"/>
    </Config>
  </FileSet>
  <FileSet Name="utils" Type="Utils" RelSrcDir="$PSRCDIR/utils_1">
    <Filter Type="Utils"/>
    <Config>
      <Option Name="TopAutoSet" Val="TRUE"/>
    </Config>
  </FileSet>
  <Strategy Version="1" Minor="2">
    <StratHandle Name="Vivado Synthesis Defaults" Flow="Vivado Synthesis 2019"/>
    <Step Id="synth_design"/>
  </Strategy>
  <BlockFileSet Type="BlockSrcs" Name="Mikro_Bus_2019_2clicks_dlmb_v10_1"/>
  <BlockFileSet Type="BlockSrcs" Name="Mikro_Bus_2019_2clicks_mdm_1_1"/>
  <BlockFileSet Type="BlockSrcs" Name="Mikro_Bus_2019_2clicks_axi_gpio_2_0"/>
  <BlockFileSet Type="BlockSrcs" Name="Mikro_Bus_2019_2clicks_dlmb_bram_if_cntlr_1"/>
  <BlockFileSet Type="BlockSrcs" Name="Mikro_Bus_2019_2clicks_ilmb_v10_1"/>
  <BlockFileSet Type="BlockSrcs" Name="Mikro_Bus_2019_2clicks_rst_clk_wiz_1_100M_0"/>
  <BlockFileSet Type="BlockSrcs" Name="Mikro_Bus_2019_2clicks_ilmb_bram_if_cntlr_1"/>
  <BlockFileSet Type="BlockSrcs" Name="Mikro_Bus_2019_2clicks_lmb_bram_1"/>
  <BlockFileSet Type="BlockSrcs" Name="Mikro_Bus_2019_2clicks_clk_wiz_1_0"/>
  <BlockFileSet Type="BlockSrcs" Name="Mikro_Bus_2019_2clicks_axi_gpio_1_0"/>
  <BlockFileSet Type="BlockSrcs" Name="Mikro_Bus_2019_2clicks_axi_gpio_0_1"/>
  <BlockFileSet Type="BlockSrcs" Name="Mikro_Bus_2019_2clicks_axi_gpio_2_1"/>
  <BlockFileSet Type="BlockSrcs" Name="Mikro_Bus_2019_2clicks_microblaze_0_1"/>
  <BlockFileSet Type="BlockSrcs" Name="Mikro_Bus_2019_2clicks_axi_uartlite_1_1"/>
  <BlockFileSet Type="BlockSrcs" Name="Mikro_Bus_2019_2clicks_xbar_1"/>
  <BlockFileSet Type="BlockSrcs" Name="Mikro_Bus_2019_2clicks_xbar_4"/>
  <BlockFileSet Type="BlockSrcs" Name="Mikro_Bus_2019_2clicks_axi_quad_spi_1_0"/>
  <BlockFileSet Type="BlockSrcs" Name="Mikro_Bus_2019_2clicks_axi_quad_spi_0_0"/>
  <BlockFileSet Type="BlockSrcs" Name="Mikro_Bus_2019_2clicks_axi_timer_0_1"/>
  <BlockFileSet Type="BlockSrcs" Name="Mikro_Bus_2019_2clicks_axi_uartlite_1_0"/>
  <BlockFileSet Type="BlockSrcs" Name="Mikro_Bus_2019_2clicks_axi_iic_0_1"/>
  <BlockFileSet Type="BlockSrcs" Name="Mikro_Bus_2019_2clicks_xbar_5"/>
  <BlockFileSet Type="BlockSrcs" Name="Mikro_Bus_2019_2clicks_axi_intc_0_0"/>
  <BlockFileSet Type="BlockSrcs" Name="Mikro_Bus_2019_2clicks_axi_uartlite_0_0"/>
  <BlockFileSet Type="BlockSrcs" Name="Mikro_Bus_2019_2clicks_axi_quad_spi_1_1"/>
</GenRun>
