<?xml version="1.0" encoding="UTF-8"?>
<GenRun Id="Mikro_Bus_2019_2clicks_clk_wiz_1_0_synth_1" LaunchPart="xc7s50csga324-1" LaunchTime="1566330344">
  <File Type="PA-TCL" Name="Mikro_Bus_2019_2clicks_clk_wiz_1_0.tcl"/>
  <File Type="REPORTS-TCL" Name="Mikro_Bus_2019_2clicks_clk_wiz_1_0_reports.tcl"/>
  <File Type="RDS-RDS" Name="Mikro_Bus_2019_2clicks_clk_wiz_1_0.vds"/>
  <File Type="RDS-UTIL" Name="Mikro_Bus_2019_2clicks_clk_wiz_1_0_utilization_synth.rpt"/>
  <File Type="RDS-UTIL-PB" Name="Mikro_Bus_2019_2clicks_clk_wiz_1_0_utilization_synth.pb"/>
  <File Type="RDS-DCP" Name="Mikro_Bus_2019_2clicks_clk_wiz_1_0.dcp"/>
  <FileSet Name="sources" Type="BlockSrcs" RelSrcDir="$PSRCDIR/Mikro_Bus_2019_2clicks_clk_wiz_1_0">
    <File Path="$PSRCDIR/sources_1/bd/Mikro_Bus_2019_2clicks/ip/Mikro_Bus_2019_2clicks_clk_wiz_1_0/Mikro_Bus_2019_2clicks_clk_wiz_1_0.xci">
      <FileInfo>
        <Attr Name="Library" Val="xil_defaultlib"/>
        <Attr Name="UsedIn" Val="synthesis"/>
        <Attr Name="UsedIn" Val="implementation"/>
        <Attr Name="UsedIn" Val="simulation"/>
        <Attr Name="ProcessingOrder" Val="EARLY"/>
      </FileInfo>
    </File>
    <Config>
      <Option Name="TopModule" Val="Mikro_Bus_2019_2clicks_clk_wiz_1_0"/>
      <Option Name="UseBlackboxStub" Val="1"/>
    </Config>
  </FileSet>
  <FileSet Name="constrs_in" Type="BlockSrcs" RelSrcDir="$PSRCDIR/Mikro_Bus_2019_2clicks_clk_wiz_1_0">
    <File Path="$PSRCDIR/sources_1/bd/Mikro_Bus_2019_2clicks/ip/Mikro_Bus_2019_2clicks_clk_wiz_1_0/Mikro_Bus_2019_2clicks_clk_wiz_1_0.xci">
      <FileInfo>
        <Attr Name="Library" Val="xil_defaultlib"/>
        <Attr Name="UsedIn" Val="synthesis"/>
        <Attr Name="UsedIn" Val="implementation"/>
        <Attr Name="UsedIn" Val="simulation"/>
        <Attr Name="ProcessingOrder" Val="EARLY"/>
      </FileInfo>
    </File>
    <Config>
      <Option Name="TopModule" Val="Mikro_Bus_2019_2clicks_clk_wiz_1_0"/>
      <Option Name="UseBlackboxStub" Val="1"/>
    </Config>
  </FileSet>
  <FileSet Name="utils" Type="Utils" RelSrcDir="$PSRCDIR/utils_1">
    <Filter Type="Utils"/>
    <Config>
      <Option Name="TopAutoSet" Val="TRUE"/>
    </Config>
  </FileSet>
  <Strategy Version="1" Minor="2">
    <StratHandle Name="Vivado Synthesis Defaults" Flow="Vivado Synthesis 2019"/>
    <Step Id="synth_design"/>
  </Strategy>
</GenRun>
