<?xml version="1.0"?>
<Runs Version="1" Minor="0">
	<Run Id="Mikro_Bus_2019_2clicks_axi_quad_spi_1_0_synth_1" LaunchDir="C:/Users/jeanchri/Mikro_Bus_2019_2clicks/Mikro_Bus_2019_2clicks.runs/Mikro_Bus_2019_2clicks_axi_quad_spi_1_0_synth_1" FlowId="Vivado_Synthesis" FromStepId="vivado" ToStepId="vivado"/>
	<Run Id="Mikro_Bus_2019_2clicks_axi_gpio_2_0_synth_1" LaunchDir="C:/Users/jeanchri/Mikro_Bus_2019_2clicks/Mikro_Bus_2019_2clicks.runs/Mikro_Bus_2019_2clicks_axi_gpio_2_0_synth_1" FlowId="Vivado_Synthesis" FromStepId="vivado" ToStepId="vivado"/>
	<Run Id="Mikro_Bus_2019_2clicks_axi_gpio_2_1_synth_1" LaunchDir="C:/Users/jeanchri/Mikro_Bus_2019_2clicks/Mikro_Bus_2019_2clicks.runs/Mikro_Bus_2019_2clicks_axi_gpio_2_1_synth_1" FlowId="Vivado_Synthesis" FromStepId="vivado" ToStepId="vivado"/>
	<Run Id="Mikro_Bus_2019_2clicks_axi_quad_spi_1_1_synth_1" LaunchDir="C:/Users/jeanchri/Mikro_Bus_2019_2clicks/Mikro_Bus_2019_2clicks.runs/Mikro_Bus_2019_2clicks_axi_quad_spi_1_1_synth_1" FlowId="Vivado_Synthesis" FromStepId="vivado" ToStepId="vivado" IsOrderedIPRun="true">
		<Parent Id="Mikro_Bus_2019_2clicks_axi_quad_spi_1_0_synth_1"/>
	</Run>
	<Run Id="synth_1" LaunchDir="C:/Users/jeanchri/Mikro_Bus_2019_2clicks/Mikro_Bus_2019_2clicks.runs/synth_1" FlowId="Vivado_Synthesis" FromStepId="vivado" ToStepId="vivado">
		<Parent Id="Mikro_Bus_2019_2clicks_axi_quad_spi_1_0_synth_1"/>
		<Parent Id="Mikro_Bus_2019_2clicks_axi_gpio_2_0_synth_1"/>
		<Parent Id="Mikro_Bus_2019_2clicks_axi_gpio_2_1_synth_1"/>
		<Parent Id="Mikro_Bus_2019_2clicks_axi_quad_spi_1_1_synth_1"/>
	</Run>
	<Parameters>
		<Parameter Name="runs.monitorLSFJobs" Val="true" Type="bool"/>
	</Parameters>
</Runs>

