<?xml version="1.0"?>
<Runs Version="1" Minor="0">
	<Run Id="Mikro_Bus_2019_2clicks_dlmb_v10_1_synth_1" LaunchDir="C:/Users/jeanchri/Mikro_Bus_2019_2clicks/Mikro_Bus_2019_2clicks.runs/Mikro_Bus_2019_2clicks_dlmb_v10_1_synth_1" FlowId="Vivado_Synthesis" FromStepId="vivado" ToStepId="vivado"/>
	<Run Id="Mikro_Bus_2019_2clicks_ilmb_v10_1_synth_1" LaunchDir="C:/Users/jeanchri/Mikro_Bus_2019_2clicks/Mikro_Bus_2019_2clicks.runs/Mikro_Bus_2019_2clicks_ilmb_v10_1_synth_1" FlowId="Vivado_Synthesis" FromStepId="vivado" ToStepId="vivado" IsOrderedIPRun="true">
		<Parent Id="Mikro_Bus_2019_2clicks_dlmb_v10_1_synth_1"/>
	</Run>
	<Run Id="Mikro_Bus_2019_2clicks_dlmb_bram_if_cntlr_1_synth_1" LaunchDir="C:/Users/jeanchri/Mikro_Bus_2019_2clicks/Mikro_Bus_2019_2clicks.runs/Mikro_Bus_2019_2clicks_dlmb_bram_if_cntlr_1_synth_1" FlowId="Vivado_Synthesis" FromStepId="vivado" ToStepId="vivado"/>
	<Run Id="Mikro_Bus_2019_2clicks_ilmb_bram_if_cntlr_1_synth_1" LaunchDir="C:/Users/jeanchri/Mikro_Bus_2019_2clicks/Mikro_Bus_2019_2clicks.runs/Mikro_Bus_2019_2clicks_ilmb_bram_if_cntlr_1_synth_1" FlowId="Vivado_Synthesis" FromStepId="vivado" ToStepId="vivado"/>
	<Run Id="Mikro_Bus_2019_2clicks_clk_wiz_1_0_synth_1" LaunchDir="C:/Users/jeanchri/Mikro_Bus_2019_2clicks/Mikro_Bus_2019_2clicks.runs/Mikro_Bus_2019_2clicks_clk_wiz_1_0_synth_1" FlowId="Vivado_Synthesis" FromStepId="vivado" ToStepId="vivado"/>
	<Run Id="Mikro_Bus_2019_2clicks_rst_clk_wiz_1_100M_0_synth_1" LaunchDir="C:/Users/jeanchri/Mikro_Bus_2019_2clicks/Mikro_Bus_2019_2clicks.runs/Mikro_Bus_2019_2clicks_rst_clk_wiz_1_100M_0_synth_1" FlowId="Vivado_Synthesis" FromStepId="vivado" ToStepId="vivado"/>
	<Run Id="Mikro_Bus_2019_2clicks_axi_gpio_0_1_synth_1" LaunchDir="C:/Users/jeanchri/Mikro_Bus_2019_2clicks/Mikro_Bus_2019_2clicks.runs/Mikro_Bus_2019_2clicks_axi_gpio_0_1_synth_1" FlowId="Vivado_Synthesis" FromStepId="vivado" ToStepId="vivado"/>
	<Run Id="Mikro_Bus_2019_2clicks_mdm_1_1_synth_1" LaunchDir="C:/Users/jeanchri/Mikro_Bus_2019_2clicks/Mikro_Bus_2019_2clicks.runs/Mikro_Bus_2019_2clicks_mdm_1_1_synth_1" FlowId="Vivado_Synthesis" FromStepId="vivado" ToStepId="vivado"/>
	<Run Id="Mikro_Bus_2019_2clicks_lmb_bram_1_synth_1" LaunchDir="C:/Users/jeanchri/Mikro_Bus_2019_2clicks/Mikro_Bus_2019_2clicks.runs/Mikro_Bus_2019_2clicks_lmb_bram_1_synth_1" FlowId="Vivado_Synthesis" FromStepId="vivado" ToStepId="vivado"/>
	<Run Id="Mikro_Bus_2019_2clicks_microblaze_0_1_synth_1" LaunchDir="C:/Users/jeanchri/Mikro_Bus_2019_2clicks/Mikro_Bus_2019_2clicks.runs/Mikro_Bus_2019_2clicks_microblaze_0_1_synth_1" FlowId="Vivado_Synthesis" FromStepId="vivado" ToStepId="vivado"/>
	<Run Id="Mikro_Bus_2019_2clicks_xbar_1_synth_1" LaunchDir="C:/Users/jeanchri/Mikro_Bus_2019_2clicks/Mikro_Bus_2019_2clicks.runs/Mikro_Bus_2019_2clicks_xbar_1_synth_1" FlowId="Vivado_Synthesis" FromStepId="vivado" ToStepId="vivado"/>
	<Run Id="Mikro_Bus_2019_2clicks_axi_uartlite_1_1_synth_1" LaunchDir="C:/Users/jeanchri/Mikro_Bus_2019_2clicks/Mikro_Bus_2019_2clicks.runs/Mikro_Bus_2019_2clicks_axi_uartlite_1_1_synth_1" FlowId="Vivado_Synthesis" FromStepId="vivado" ToStepId="vivado"/>
	<Run Id="Mikro_Bus_2019_2clicks_xbar_4_synth_1" LaunchDir="C:/Users/jeanchri/Mikro_Bus_2019_2clicks/Mikro_Bus_2019_2clicks.runs/Mikro_Bus_2019_2clicks_xbar_4_synth_1" FlowId="Vivado_Synthesis" FromStepId="vivado" ToStepId="vivado"/>
	<Run Id="Mikro_Bus_2019_2clicks_axi_quad_spi_1_0_synth_1" LaunchDir="C:/Users/jeanchri/Mikro_Bus_2019_2clicks/Mikro_Bus_2019_2clicks.runs/Mikro_Bus_2019_2clicks_axi_quad_spi_1_0_synth_1" FlowId="Vivado_Synthesis" FromStepId="vivado" ToStepId="vivado"/>
	<Run Id="Mikro_Bus_2019_2clicks_axi_quad_spi_0_0_synth_1" LaunchDir="C:/Users/jeanchri/Mikro_Bus_2019_2clicks/Mikro_Bus_2019_2clicks.runs/Mikro_Bus_2019_2clicks_axi_quad_spi_0_0_synth_1" FlowId="Vivado_Synthesis" FromStepId="vivado" ToStepId="vivado"/>
	<Run Id="Mikro_Bus_2019_2clicks_axi_timer_0_1_synth_1" LaunchDir="C:/Users/jeanchri/Mikro_Bus_2019_2clicks/Mikro_Bus_2019_2clicks.runs/Mikro_Bus_2019_2clicks_axi_timer_0_1_synth_1" FlowId="Vivado_Synthesis" FromStepId="vivado" ToStepId="vivado"/>
	<Run Id="Mikro_Bus_2019_2clicks_axi_gpio_2_0_synth_1" LaunchDir="C:/Users/jeanchri/Mikro_Bus_2019_2clicks/Mikro_Bus_2019_2clicks.runs/Mikro_Bus_2019_2clicks_axi_gpio_2_0_synth_1" FlowId="Vivado_Synthesis" FromStepId="vivado" ToStepId="vivado"/>
	<Run Id="Mikro_Bus_2019_2clicks_axi_gpio_1_0_synth_1" LaunchDir="C:/Users/jeanchri/Mikro_Bus_2019_2clicks/Mikro_Bus_2019_2clicks.runs/Mikro_Bus_2019_2clicks_axi_gpio_1_0_synth_1" FlowId="Vivado_Synthesis" FromStepId="vivado" ToStepId="vivado"/>
	<Run Id="Mikro_Bus_2019_2clicks_axi_uartlite_1_0_synth_1" LaunchDir="C:/Users/jeanchri/Mikro_Bus_2019_2clicks/Mikro_Bus_2019_2clicks.runs/Mikro_Bus_2019_2clicks_axi_uartlite_1_0_synth_1" FlowId="Vivado_Synthesis" FromStepId="vivado" ToStepId="vivado" IsOrderedIPRun="true">
		<Parent Id="Mikro_Bus_2019_2clicks_axi_uartlite_1_1_synth_1"/>
	</Run>
	<Run Id="Mikro_Bus_2019_2clicks_axi_iic_0_1_synth_1" LaunchDir="C:/Users/jeanchri/Mikro_Bus_2019_2clicks/Mikro_Bus_2019_2clicks.runs/Mikro_Bus_2019_2clicks_axi_iic_0_1_synth_1" FlowId="Vivado_Synthesis" FromStepId="vivado" ToStepId="vivado"/>
	<Run Id="Mikro_Bus_2019_2clicks_xadc_wiz_0_1_synth_1" LaunchDir="C:/Users/jeanchri/Mikro_Bus_2019_2clicks/Mikro_Bus_2019_2clicks.runs/Mikro_Bus_2019_2clicks_xadc_wiz_0_1_synth_1" FlowId="Vivado_Synthesis" FromStepId="vivado" ToStepId="vivado"/>
	<Run Id="Mikro_Bus_2019_2clicks_util_vector_logic_0_1_synth_1" LaunchDir="C:/Users/jeanchri/Mikro_Bus_2019_2clicks/Mikro_Bus_2019_2clicks.runs/Mikro_Bus_2019_2clicks_util_vector_logic_0_1_synth_1" FlowId="Vivado_Synthesis" FromStepId="vivado" ToStepId="vivado"/>
	<Run Id="Mikro_Bus_2019_2clicks_xbar_5_synth_1" LaunchDir="C:/Users/jeanchri/Mikro_Bus_2019_2clicks/Mikro_Bus_2019_2clicks.runs/Mikro_Bus_2019_2clicks_xbar_5_synth_1" FlowId="Vivado_Synthesis" FromStepId="vivado" ToStepId="vivado"/>
	<Run Id="Mikro_Bus_2019_2clicks_axi_gpio_2_1_synth_1" LaunchDir="C:/Users/jeanchri/Mikro_Bus_2019_2clicks/Mikro_Bus_2019_2clicks.runs/Mikro_Bus_2019_2clicks_axi_gpio_2_1_synth_1" FlowId="Vivado_Synthesis" FromStepId="vivado" ToStepId="vivado"/>
	<Run Id="Mikro_Bus_2019_2clicks_axi_iic_0_0_synth_1" LaunchDir="C:/Users/jeanchri/Mikro_Bus_2019_2clicks/Mikro_Bus_2019_2clicks.runs/Mikro_Bus_2019_2clicks_axi_iic_0_0_synth_1" FlowId="Vivado_Synthesis" FromStepId="vivado" ToStepId="vivado" IsOrderedIPRun="true">
		<Parent Id="Mikro_Bus_2019_2clicks_axi_iic_0_1_synth_1"/>
	</Run>
	<Run Id="Mikro_Bus_2019_2clicks_axi_quad_spi_1_1_synth_1" LaunchDir="C:/Users/jeanchri/Mikro_Bus_2019_2clicks/Mikro_Bus_2019_2clicks.runs/Mikro_Bus_2019_2clicks_axi_quad_spi_1_1_synth_1" FlowId="Vivado_Synthesis" FromStepId="vivado" ToStepId="vivado" IsOrderedIPRun="true">
		<Parent Id="Mikro_Bus_2019_2clicks_axi_quad_spi_1_0_synth_1"/>
	</Run>
	<Run Id="Mikro_Bus_2019_2clicks_axi_intc_0_0_synth_1" LaunchDir="C:/Users/jeanchri/Mikro_Bus_2019_2clicks/Mikro_Bus_2019_2clicks.runs/Mikro_Bus_2019_2clicks_axi_intc_0_0_synth_1" FlowId="Vivado_Synthesis" FromStepId="vivado" ToStepId="vivado"/>
	<Run Id="Mikro_Bus_2019_2clicks_axi_timer_0_0_synth_1" LaunchDir="C:/Users/jeanchri/Mikro_Bus_2019_2clicks/Mikro_Bus_2019_2clicks.runs/Mikro_Bus_2019_2clicks_axi_timer_0_0_synth_1" FlowId="Vivado_Synthesis" FromStepId="vivado" ToStepId="vivado" IsOrderedIPRun="true">
		<Parent Id="Mikro_Bus_2019_2clicks_axi_timer_0_1_synth_1"/>
	</Run>
	<Run Id="Mikro_Bus_2019_2clicks_axi_uartlite_0_0_synth_1" LaunchDir="C:/Users/jeanchri/Mikro_Bus_2019_2clicks/Mikro_Bus_2019_2clicks.runs/Mikro_Bus_2019_2clicks_axi_uartlite_0_0_synth_1" FlowId="Vivado_Synthesis" FromStepId="vivado" ToStepId="vivado"/>
	<Run Id="synth_1" LaunchDir="C:/Users/jeanchri/Mikro_Bus_2019_2clicks/Mikro_Bus_2019_2clicks.runs/synth_1" FlowId="Vivado_Synthesis" FromStepId="vivado" ToStepId="vivado">
		<Parent Id="Mikro_Bus_2019_2clicks_dlmb_v10_1_synth_1"/>
		<Parent Id="Mikro_Bus_2019_2clicks_ilmb_v10_1_synth_1"/>
		<Parent Id="Mikro_Bus_2019_2clicks_dlmb_bram_if_cntlr_1_synth_1"/>
		<Parent Id="Mikro_Bus_2019_2clicks_ilmb_bram_if_cntlr_1_synth_1"/>
		<Parent Id="Mikro_Bus_2019_2clicks_clk_wiz_1_0_synth_1"/>
		<Parent Id="Mikro_Bus_2019_2clicks_rst_clk_wiz_1_100M_0_synth_1"/>
		<Parent Id="Mikro_Bus_2019_2clicks_axi_gpio_0_1_synth_1"/>
		<Parent Id="Mikro_Bus_2019_2clicks_mdm_1_1_synth_1"/>
		<Parent Id="Mikro_Bus_2019_2clicks_lmb_bram_1_synth_1"/>
		<Parent Id="Mikro_Bus_2019_2clicks_microblaze_0_1_synth_1"/>
		<Parent Id="Mikro_Bus_2019_2clicks_xbar_1_synth_1"/>
		<Parent Id="Mikro_Bus_2019_2clicks_axi_uartlite_1_1_synth_1"/>
		<Parent Id="Mikro_Bus_2019_2clicks_xbar_4_synth_1"/>
		<Parent Id="Mikro_Bus_2019_2clicks_axi_quad_spi_1_0_synth_1"/>
		<Parent Id="Mikro_Bus_2019_2clicks_axi_quad_spi_0_0_synth_1"/>
		<Parent Id="Mikro_Bus_2019_2clicks_axi_timer_0_1_synth_1"/>
		<Parent Id="Mikro_Bus_2019_2clicks_axi_gpio_2_0_synth_1"/>
		<Parent Id="Mikro_Bus_2019_2clicks_axi_gpio_1_0_synth_1"/>
		<Parent Id="Mikro_Bus_2019_2clicks_axi_uartlite_1_0_synth_1"/>
		<Parent Id="Mikro_Bus_2019_2clicks_axi_iic_0_1_synth_1"/>
		<Parent Id="Mikro_Bus_2019_2clicks_xadc_wiz_0_1_synth_1"/>
		<Parent Id="Mikro_Bus_2019_2clicks_util_vector_logic_0_1_synth_1"/>
		<Parent Id="Mikro_Bus_2019_2clicks_xbar_5_synth_1"/>
		<Parent Id="Mikro_Bus_2019_2clicks_axi_gpio_2_1_synth_1"/>
		<Parent Id="Mikro_Bus_2019_2clicks_axi_iic_0_0_synth_1"/>
		<Parent Id="Mikro_Bus_2019_2clicks_axi_quad_spi_1_1_synth_1"/>
		<Parent Id="Mikro_Bus_2019_2clicks_axi_intc_0_0_synth_1"/>
		<Parent Id="Mikro_Bus_2019_2clicks_axi_timer_0_0_synth_1"/>
		<Parent Id="Mikro_Bus_2019_2clicks_axi_uartlite_0_0_synth_1"/>
	</Run>
	<Parameters>
		<Parameter Name="runs.monitorLSFJobs" Val="true" Type="bool"/>
	</Parameters>
</Runs>

