<?xml version="1.0" encoding="UTF-8"?>
<GenRun Id="impl_1" LaunchPart="xc7s50csga324-1" LaunchTime="1567011374">
  <File Type="BITSTR-BMM" Name="Mikro_Bus_2019_2clicks_wrapper_bd.bmm"/>
  <File Type="OPT-METHODOLOGY-DRC" Name="Mikro_Bus_2019_2clicks_wrapper_methodology_drc_opted.rpt"/>
  <File Type="INIT-TIMING" Name="Mikro_Bus_2019_2clicks_wrapper_timing_summary_init.rpt"/>
  <File Type="ROUTE-PWR" Name="Mikro_Bus_2019_2clicks_wrapper_power_routed.rpt"/>
  <File Type="PA-TCL" Name="Mikro_Bus_2019_2clicks_wrapper.tcl"/>
  <File Type="OPT-TIMING" Name="Mikro_Bus_2019_2clicks_wrapper_timing_summary_opted.rpt"/>
  <File Type="OPT-DCP" Name="Mikro_Bus_2019_2clicks_wrapper_opt.dcp"/>
  <File Type="ROUTE-PWR-SUM" Name="Mikro_Bus_2019_2clicks_wrapper_power_summary_routed.pb"/>
  <File Type="REPORTS-TCL" Name="Mikro_Bus_2019_2clicks_wrapper_reports.tcl"/>
  <File Type="OPT-DRC" Name="Mikro_Bus_2019_2clicks_wrapper_drc_opted.rpt"/>
  <File Type="OPT-HWDEF" Name="Mikro_Bus_2019_2clicks_wrapper.hwdef"/>
  <File Type="PWROPT-DCP" Name="Mikro_Bus_2019_2clicks_wrapper_pwropt.dcp"/>
  <File Type="PWROPT-DRC" Name="Mikro_Bus_2019_2clicks_wrapper_drc_pwropted.rpt"/>
  <File Type="PWROPT-TIMING" Name="Mikro_Bus_2019_2clicks_wrapper_timing_summary_pwropted.rpt"/>
  <File Type="PLACE-DCP" Name="Mikro_Bus_2019_2clicks_wrapper_placed.dcp"/>
  <File Type="PLACE-IO" Name="Mikro_Bus_2019_2clicks_wrapper_io_placed.rpt"/>
  <File Type="PLACE-CLK" Name="Mikro_Bus_2019_2clicks_wrapper_clock_utilization_placed.rpt"/>
  <File Type="PLACE-UTIL" Name="Mikro_Bus_2019_2clicks_wrapper_utilization_placed.rpt"/>
  <File Type="PLACE-UTIL-PB" Name="Mikro_Bus_2019_2clicks_wrapper_utilization_placed.pb"/>
  <File Type="PLACE-CTRL" Name="Mikro_Bus_2019_2clicks_wrapper_control_sets_placed.rpt"/>
  <File Type="PLACE-SIMILARITY" Name="Mikro_Bus_2019_2clicks_wrapper_incremental_reuse_placed.rpt"/>
  <File Type="PLACE-PRE-SIMILARITY" Name="Mikro_Bus_2019_2clicks_wrapper_incremental_reuse_pre_placed.rpt"/>
  <File Type="BG-BGN" Name="Mikro_Bus_2019_2clicks_wrapper.bgn"/>
  <File Type="PLACE-TIMING" Name="Mikro_Bus_2019_2clicks_wrapper_timing_summary_placed.rpt"/>
  <File Type="POSTPLACE-PWROPT-DCP" Name="Mikro_Bus_2019_2clicks_wrapper_postplace_pwropt.dcp"/>
  <File Type="BG-BIN" Name="Mikro_Bus_2019_2clicks_wrapper.bin"/>
  <File Type="POSTPLACE-PWROPT-TIMING" Name="Mikro_Bus_2019_2clicks_wrapper_timing_summary_postplace_pwropted.rpt"/>
  <File Type="PHYSOPT-DCP" Name="Mikro_Bus_2019_2clicks_wrapper_physopt.dcp"/>
  <File Type="PHYSOPT-DRC" Name="Mikro_Bus_2019_2clicks_wrapper_drc_physopted.rpt"/>
  <File Type="BITSTR-MSK" Name="Mikro_Bus_2019_2clicks_wrapper.msk"/>
  <File Type="PHYSOPT-TIMING" Name="Mikro_Bus_2019_2clicks_wrapper_timing_summary_physopted.rpt"/>
  <File Type="ROUTE-ERROR-DCP" Name="Mikro_Bus_2019_2clicks_wrapper_routed_error.dcp"/>
  <File Type="ROUTE-DCP" Name="Mikro_Bus_2019_2clicks_wrapper_routed.dcp"/>
  <File Type="ROUTE-BLACKBOX-DCP" Name="Mikro_Bus_2019_2clicks_wrapper_routed_bb.dcp"/>
  <File Type="ROUTE-DRC" Name="Mikro_Bus_2019_2clicks_wrapper_drc_routed.rpt"/>
  <File Type="ROUTE-DRC-PB" Name="Mikro_Bus_2019_2clicks_wrapper_drc_routed.pb"/>
  <File Type="BITSTR-LTX" Name="debug_nets.ltx"/>
  <File Type="BITSTR-LTX" Name="Mikro_Bus_2019_2clicks_wrapper.ltx"/>
  <File Type="ROUTE-DRC-RPX" Name="Mikro_Bus_2019_2clicks_wrapper_drc_routed.rpx"/>
  <File Type="BITSTR-MMI" Name="Mikro_Bus_2019_2clicks_wrapper.mmi"/>
  <File Type="ROUTE-METHODOLOGY-DRC" Name="Mikro_Bus_2019_2clicks_wrapper_methodology_drc_routed.rpt"/>
  <File Type="ROUTE-METHODOLOGY-DRC-RPX" Name="Mikro_Bus_2019_2clicks_wrapper_methodology_drc_routed.rpx"/>
  <File Type="BITSTR-SYSDEF" Name="Mikro_Bus_2019_2clicks_wrapper.sysdef"/>
  <File Type="ROUTE-METHODOLOGY-DRC-PB" Name="Mikro_Bus_2019_2clicks_wrapper_methodology_drc_routed.pb"/>
  <File Type="ROUTE-PWR-RPX" Name="Mikro_Bus_2019_2clicks_wrapper_power_routed.rpx"/>
  <File Type="ROUTE-STATUS" Name="Mikro_Bus_2019_2clicks_wrapper_route_status.rpt"/>
  <File Type="ROUTE-STATUS-PB" Name="Mikro_Bus_2019_2clicks_wrapper_route_status.pb"/>
  <File Type="ROUTE-TIMINGSUMMARY" Name="Mikro_Bus_2019_2clicks_wrapper_timing_summary_routed.rpt"/>
  <File Type="ROUTE-TIMING-PB" Name="Mikro_Bus_2019_2clicks_wrapper_timing_summary_routed.pb"/>
  <File Type="ROUTE-TIMING-RPX" Name="Mikro_Bus_2019_2clicks_wrapper_timing_summary_routed.rpx"/>
  <File Type="ROUTE-SIMILARITY" Name="Mikro_Bus_2019_2clicks_wrapper_incremental_reuse_routed.rpt"/>
  <File Type="ROUTE-CLK" Name="Mikro_Bus_2019_2clicks_wrapper_clock_utilization_routed.rpt"/>
  <File Type="ROUTE-BUS-SKEW" Name="Mikro_Bus_2019_2clicks_wrapper_bus_skew_routed.rpt"/>
  <File Type="ROUTE-BUS-SKEW-PB" Name="Mikro_Bus_2019_2clicks_wrapper_bus_skew_routed.pb"/>
  <File Type="ROUTE-BUS-SKEW-RPX" Name="Mikro_Bus_2019_2clicks_wrapper_bus_skew_routed.rpx"/>
  <File Type="POSTROUTE-PHYSOPT-DCP" Name="Mikro_Bus_2019_2clicks_wrapper_postroute_physopt.dcp"/>
  <File Type="POSTROUTE-PHYSOPT-BLACKBOX-DCP" Name="Mikro_Bus_2019_2clicks_wrapper_postroute_physopt_bb.dcp"/>
  <File Type="POSTROUTE-PHYSOPT-TIMING" Name="Mikro_Bus_2019_2clicks_wrapper_timing_summary_postroute_physopted.rpt"/>
  <File Type="POSTROUTE-PHYSOPT-TIMING-PB" Name="Mikro_Bus_2019_2clicks_wrapper_timing_summary_postroute_physopted.pb"/>
  <File Type="POSTROUTE-PHYSOPT-TIMING-RPX" Name="Mikro_Bus_2019_2clicks_wrapper_timing_summary_postroute_physopted.rpx"/>
  <File Type="POSTROUTE-PHYSOPT-BUS-SKEW" Name="Mikro_Bus_2019_2clicks_wrapper_bus_skew_postroute_physopted.rpt"/>
  <File Type="POSTROUTE-PHYSOPT-BUS-SKEW-PB" Name="Mikro_Bus_2019_2clicks_wrapper_bus_skew_postroute_physopted.pb"/>
  <File Type="BG-BIT" Name="Mikro_Bus_2019_2clicks_wrapper.bit"/>
  <File Type="POSTROUTE-PHYSOPT-BUS-SKEW-RPX" Name="Mikro_Bus_2019_2clicks_wrapper_bus_skew_postroute_physopted.rpx"/>
  <File Type="BITSTR-RBT" Name="Mikro_Bus_2019_2clicks_wrapper.rbt"/>
  <File Type="BITSTR-NKY" Name="Mikro_Bus_2019_2clicks_wrapper.nky"/>
  <File Type="BG-DRC" Name="Mikro_Bus_2019_2clicks_wrapper.drc"/>
  <File Type="RDI-RDI" Name="Mikro_Bus_2019_2clicks_wrapper.vdi"/>
  <File Type="WBT-USG" Name="usage_statistics_webtalk.html"/>
  <FileSet Name="sources" Type="DesignSrcs" RelSrcDir="$PSRCDIR/sources_1">
    <Filter Type="Srcs"/>
    <File Path="$PSRCDIR/sources_1/bd/Mikro_Bus_2019_2clicks/Mikro_Bus_2019_2clicks.bd">
      <FileInfo>
        <Attr Name="UsedIn" Val="synthesis"/>
        <Attr Name="UsedIn" Val="implementation"/>
        <Attr Name="UsedIn" Val="simulation"/>
      </FileInfo>
    </File>
    <File Path="$PSRCDIR/sources_1/bd/Mikro_Bus_2019_2clicks/hdl/Mikro_Bus_2019_2clicks_wrapper.v">
      <FileInfo>
        <Attr Name="UsedIn" Val="synthesis"/>
        <Attr Name="UsedIn" Val="implementation"/>
        <Attr Name="UsedIn" Val="simulation"/>
      </FileInfo>
    </File>
    <Config>
      <Option Name="DesignMode" Val="RTL"/>
      <Option Name="TopModule" Val="Mikro_Bus_2019_2clicks_wrapper"/>
      <Option Name="TopAutoSet" Val="TRUE"/>
    </Config>
  </FileSet>
  <FileSet Name="constrs_in" Type="Constrs" RelSrcDir="$PSRCDIR/constrs_1">
    <Filter Type="Constrs"/>
    <File Path="$PSRCDIR/constrs_1/new/MikroBus_2Clicks_2019.xdc">
      <FileInfo>
        <Attr Name="UsedIn" Val="synthesis"/>
        <Attr Name="UsedIn" Val="implementation"/>
      </FileInfo>
    </File>
    <Config>
      <Option Name="TargetConstrsFile" Val="$PSRCDIR/constrs_1/new/MikroBus_2Clicks_2019.xdc"/>
      <Option Name="ConstrsType" Val="XDC"/>
    </Config>
  </FileSet>
  <FileSet Name="utils" Type="Utils" RelSrcDir="$PSRCDIR/utils_1">
    <Filter Type="Utils"/>
    <Config>
      <Option Name="TopAutoSet" Val="TRUE"/>
    </Config>
  </FileSet>
  <Strategy Version="1" Minor="2">
    <StratHandle Name="Vivado Implementation Defaults" Flow="Vivado Implementation 2019"/>
    <Step Id="init_design"/>
    <Step Id="opt_design"/>
    <Step Id="power_opt_design"/>
    <Step Id="place_design"/>
    <Step Id="post_place_power_opt_design"/>
    <Step Id="phys_opt_design"/>
    <Step Id="route_design"/>
    <Step Id="post_route_phys_opt_design"/>
    <Step Id="write_bitstream"/>
  </Strategy>
  <BlockFileSet Type="BlockSrcs" Name="Mikro_Bus_2019_2clicks_dlmb_v10_1"/>
  <BlockFileSet Type="BlockSrcs" Name="Mikro_Bus_2019_2clicks_mdm_1_1"/>
  <BlockFileSet Type="BlockSrcs" Name="Mikro_Bus_2019_2clicks_axi_gpio_2_0"/>
  <BlockFileSet Type="BlockSrcs" Name="Mikro_Bus_2019_2clicks_dlmb_bram_if_cntlr_1"/>
  <BlockFileSet Type="BlockSrcs" Name="Mikro_Bus_2019_2clicks_ilmb_v10_1"/>
  <BlockFileSet Type="BlockSrcs" Name="Mikro_Bus_2019_2clicks_rst_clk_wiz_1_100M_0"/>
  <BlockFileSet Type="BlockSrcs" Name="Mikro_Bus_2019_2clicks_ilmb_bram_if_cntlr_1"/>
  <BlockFileSet Type="BlockSrcs" Name="Mikro_Bus_2019_2clicks_lmb_bram_1"/>
  <BlockFileSet Type="BlockSrcs" Name="Mikro_Bus_2019_2clicks_clk_wiz_1_0"/>
  <BlockFileSet Type="BlockSrcs" Name="Mikro_Bus_2019_2clicks_axi_gpio_1_0"/>
  <BlockFileSet Type="BlockSrcs" Name="Mikro_Bus_2019_2clicks_axi_gpio_0_1"/>
  <BlockFileSet Type="BlockSrcs" Name="Mikro_Bus_2019_2clicks_axi_gpio_2_1"/>
  <BlockFileSet Type="BlockSrcs" Name="Mikro_Bus_2019_2clicks_microblaze_0_1"/>
  <BlockFileSet Type="BlockSrcs" Name="Mikro_Bus_2019_2clicks_axi_uartlite_1_1"/>
  <BlockFileSet Type="BlockSrcs" Name="Mikro_Bus_2019_2clicks_xbar_1"/>
  <BlockFileSet Type="BlockSrcs" Name="Mikro_Bus_2019_2clicks_xbar_4"/>
  <BlockFileSet Type="BlockSrcs" Name="Mikro_Bus_2019_2clicks_axi_quad_spi_1_0"/>
  <BlockFileSet Type="BlockSrcs" Name="Mikro_Bus_2019_2clicks_axi_quad_spi_0_0"/>
  <BlockFileSet Type="BlockSrcs" Name="Mikro_Bus_2019_2clicks_axi_timer_0_1"/>
  <BlockFileSet Type="BlockSrcs" Name="Mikro_Bus_2019_2clicks_axi_uartlite_1_0"/>
  <BlockFileSet Type="BlockSrcs" Name="Mikro_Bus_2019_2clicks_axi_iic_0_1"/>
  <BlockFileSet Type="BlockSrcs" Name="Mikro_Bus_2019_2clicks_xbar_5"/>
  <BlockFileSet Type="BlockSrcs" Name="Mikro_Bus_2019_2clicks_axi_intc_0_0"/>
  <BlockFileSet Type="BlockSrcs" Name="Mikro_Bus_2019_2clicks_axi_uartlite_0_0"/>
  <BlockFileSet Type="BlockSrcs" Name="Mikro_Bus_2019_2clicks_axi_quad_spi_1_1"/>
</GenRun>
